{
  "rulesDirectory": [
    "node_modules/codelyzer",
    "node_modules/tslint-lines-between-class-members"
  ],
  "rules": {
    "typedef": [
      true,
      "call-signature"
    ],
    "member-access": true,
    "no-any": true,
    "only-arrow-functions": true,
    "no-var-keyword": true,
    "curly": true,
    "whitespace": [
      true,
      "check-branch",
      "check-decl",
      "check-operator",
      "check-type-operator",
      "check-type",
      "check-module"
    ],
    "quotemark": [
      true,
      "single",
      "avoid-template"
    ],
    "import-spacing": [
      true
    ],
    "semicolon": [
      true,
      "always"
    ],
    "space-before-function-paren": [
      false
    ],
    "interface-name": true,
    "file-name-casing": [
      true,
      "kebab-case"
    ],
    "class-name": [
      true
    ],
    "array-type": [
      true,
      "array"
    ],
    "newline-per-chained-call": true,
    "no-duplicate-imports": true,
    "no-duplicate-super": true,
    "no-duplicate-variable": true,
    "no-duplicate-switch-case": true,
    "prefer-const": true,
    "prefer-readonly": true,
    "use-isnan": true,
    "unnecessary-constructor": true,
    "triple-equals": true,
    "switch-default": true,
    "static-this": true,
    "prefer-object-spread": true,
    "no-use-before-declare": true,
    "no-void-expression": true,
    "member-ordering": [
      true,
      {
        "order": [
          "public-instance-field",
          "public-static-field",
          "protected-instance-field",
          "protected-static-field",
          "private-instance-field",
          "private-static-field",

          "public-constructor",
          "protected-constructor",
          "private-constructor",

          "public-instance-method",
          "public-static-method",
          "protected-instance-method",
          "protected-static-method",
          "private-instance-method",
          "private-static-method"
        ]
      }
    ],
    "lines-between-class-members": true
  }
}
